Top consultas,Cliques,Impressões,CTR,Posição
overflow,4,603,0.66%,8.44
computabilidade,4,50,8%,6.88
devlingo,4,12,33.33%,1.17
"o que significa o termo innovation em inglês e como ele se aplica ao mundo 
da tecnologia?",3,32,9.38%,3.81
char,2,14923,0.01%,9.06
c99,2,629,0.32%,4.27
ksh,2,256,0.78%,5.34
system calls,2,70,2.86%,5.31
modelo iterativo,2,61,3.28%,2.69
amplificador de potencia,2,29,6.9%,4.59
rejeita faixa,2,28,7.14%,5
amplificador de potência,2,28,7.14%,6.68
urn,1,541,0.18%,4.81
swapping,1,365,0.27%,9.87
jframe,1,162,0.62%,3.06
ansi c,1,90,1.11%,3.56
bpsk,1,80,1.25%,4.59
o que é char,1,70,1.43%,6.09
zoom optico,1,70,1.43%,9.26
filtro rejeita faixa,1,56,1.79%,6.27
processador deca core,1,33,3.03%,6.09
processadores multicore,1,32,3.12%,9.59
biblioteca stdlib.h,1,27,3.7%,5.19
o que é dts,1,27,3.7%,7.93
modelo interativo,1,26,3.85%,5.04
nafta para que serve,1,26,3.85%,5.42
device driver,1,25,4%,10
modulação fm,1,24,4.17%,7
filtro rejeita banda,1,21,4.76%,6.81
biblioteca stdlib,1,20,5%,6.4
kendo grid,1,20,5%,8.3
jframe java,1,19,5.26%,8.58
amplificador optico,1,16,6.25%,9.69
sistem call,1,8,12.5%,17.25
speedup,1,7,14.29%,17.14
zeromq,1,5,20%,17
wear leveling ssd,1,4,25%,2.5
distorção de cores,1,4,25%,6.75
jscrollpane java,1,4,25%,7.5
html src,1,4,25%,9.5
java executors,1,2,50%,6.5
ac power in,1,1,100%,2
epítopo imunologia,1,1,100%,2
cocoa,0,711,0%,6.61
undefined,0,506,0%,3.83
undefined o que significa,0,473,0%,11.23
assert,0,399,0%,1.01
megahertz,0,396,0%,5.31
stiffness,0,357,0%,7.75
o que é gamepad,0,332,0%,6.9
qam,0,289,0%,6.84
o que é um gamepad,0,276,0%,8.33
modeling,0,265,0%,9.26
sdds,0,260,0%,6.23
output e input,0,246,0%,1.14
clr significado,0,245,0%,9.26
hipocentro,0,242,0%,9.25
wma,0,225,0%,2.03
chars,0,225,0%,9.98
undefined o que é,0,225,0%,11.1
o que é txt,0,219,0%,8.48
onda transversal,0,213,0%,10.9
assert para que serve,0,206,0%,1
o que é undefined,0,198,0%,11.31
frequência sonora,0,191,0%,4.06
ibm pc,0,187,0%,9.24
trezor para que serve,0,179,0%,1.01
o que é overflow,0,172,0%,7.3
eoq,0,171,0%,5.2
formato txt,0,170,0%,5.29
views,0,168,0%,10.61
ghz o que é,0,164,0%,8.04
transação,0,155,0%,1.03
o que significa fan speed,0,153,0%,4.88
stdlib.h,0,151,0%,6.52
o que é zoom optico,0,149,0%,6.93
o que é monitor,0,146,0%,11.05
sdds significado,0,143,0%,1.55
deflate,0,143,0%,8.87
pcm audio,0,140,0%,14.99
o que é undefined programação,0,136,0%,2.35
ghz,0,133,0%,7.66
es5,0,130,0%,5.67
unidade de medida do som,0,130,0%,11.67
stun,0,128,0%,8.76
qpsk,0,126,0%,3.77
dual para que serve,0,120,0%,1
o que significa txt,0,118,0%,6.53
o que significa dts,0,115,0%,7.72
stdlib,0,111,0%,8.18
txt o que é,0,110,0%,8.33
interface o que é,0,110,0%,12.66
unsigned,0,109,0%,5.25
stdio,0,105,0%,3.26
o que é input e output,0,104,0%,1.64
undefined significado,0,104,0%,9.57
assertion,0,104,0%,9.97
audio pcm,0,104,0%,12.96
store,0,103,0%,1.01
o que é void,0,102,0%,10.31
o que é bmp,0,100,0%,7.7
o que é ghz,0,98,0%,9.97
o que é um monitor,0,96,0%,9.76
dts significado,0,95,0%,8.31
stdlib.h para que serve,0,94,0%,9.37
o que é cocoa,0,85,0%,8.01
delay de sistema,0,84,0%,6.05
overflow o que é,0,82,0%,9.26
utf-16,0,81,0%,7.01
internal storage,0,81,0%,8.38
frequencia sonora,0,80,0%,6.5
o'que é gamepad,0,80,0%,7.67
aiff,0,79,0%,4.48
oq é clr,0,79,0%,7.37
oq significa undefined,0,79,0%,12.48
mega hertz,0,77,0%,5.47
taxa de amostragem,0,75,0%,4.4
delay no sistema,0,75,0%,5.59
oque significa clr,0,74,0%,9.68
zoom optico o que é,0,73,0%,7.36
charts o que é,0,72,0%,7.82
system call,0,72,0%,8.65
o que significa bmp,0,71,0%,5.51
oq e clr,0,71,0%,7.76
amplifier,0,71,0%,31.56
chrome,0,70,0%,3.09
java se,0,70,0%,10.49
contract management,0,69,0%,77.26
gcd,0,68,0%,5.43
nafta petróleo para que serve,0,68,0%,8.15
frequ,0,66,0%,6.45
merge o que é,0,65,0%,7.86
o que é arquivo txt,0,64,0%,10.28
para que serve assert,0,63,0%,1
oq é gamepad,0,63,0%,8.08
o que é o monitor,0,63,0%,8.57
o que é frequência sonora,0,61,0%,6.61
avx,0,60,0%,5.37
gamepad o que é,0,60,0%,7.4
astrogeologia,0,60,0%,7.47
decibel,0,60,0%,11.35
arquivo txt o que é,0,58,0%,8.16
ondas transversais,0,58,0%,10.81
pipeline as code,0,57,0%,49.67
raw,0,55,0%,1.09
oq e gamepad,0,54,0%,7.87
o que é um arquivo txt,0,53,0%,9.79
interferência de sinal,0,52,0%,5.06
unidade de medida de som,0,52,0%,11.77
stifness,0,51,0%,6.92
runtime error,0,51,0%,18.8
o que é binance,0,49,0%,1
void o que é,0,49,0%,9.57
cocoa o que é,0,48,0%,7.54
paging,0,48,0%,8.58
o que é merge,0,48,0%,10.02
plaquetograma o que é,0,48,0%,12.06
distoria,0,47,0%,3.11
bmp significado,0,47,0%,6
utf16,0,47,0%,7.17
formato bmp,0,47,0%,9.28
o que é plaquetograma,0,47,0%,11.36
o que é interface,0,47,0%,11.51
bmp o que é,0,46,0%,9.11
mongoose o que é,0,46,0%,9.89
hdd significado,0,46,0%,12.39
dts,0,45,0%,3.76
utf 16,0,45,0%,7.36
swapping o que é,0,43,0%,3.84
um botão é um elemento de interação,0,43,0%,9.14
o que é charts,0,43,0%,9.4
o que é onda transversal,0,43,0%,10.58
txt o que significa,0,42,0%,6.98
bson,0,42,0%,10.86
testng,0,41,0%,9.46
oq e dts,0,41,0%,10.59
pastry chef,0,41,0%,12.51
trello o que é,0,41,0%,49.29
gsap,0,40,0%,10.05
o que significa touchpad,0,40,0%,10.18
o que é mhz,0,40,0%,10.93
stack trace o que é,0,39,0%,7.26
avx2 o que é,0,39,0%,7.74
o que e dts,0,39,0%,8.05
angellist o que é,0,38,0%,5.13
onda sísmica,0,38,0%,7.16
.txt o que é,0,38,0%,8.53
o'que é um gamepad,0,38,0%,8.76
assertions,0,38,0%,9.76
void,0,37,0%,2.27
rede mesh,0,37,0%,7.35
jpanel,0,37,0%,9.62
fan speed,0,37,0%,11.95
flip flop,0,37,0%,25.81
hard disk,0,37,0%,67.49
system calls o que é,0,36,0%,3.31
hyper threading o que é,0,36,0%,4.19
unreal engine 4,0,36,0%,7.22
o que é hipocentro,0,36,0%,10.97
input output,0,36,0%,18.78
ciclo de clock,0,35,0%,4.8
o que é fan speed,0,35,0%,6.11
wifi audio,0,35,0%,7.74
iteration,0,35,0%,11.09
delay de tempo,0,35,0%,11.51
oque é dts,0,34,0%,7.68
o que e txt,0,34,0%,8.53
o que significa char,0,34,0%,8.82
o que significa pa de som,0,34,0%,9.68
stack trace,0,34,0%,14.94
hdd,0,34,0%,45.71
char.,0,33,0%,3.36
formato de audio pcm,0,33,0%,5.85
o que e overflow,0,33,0%,9.58
o que são ondas sísmicas,0,33,0%,9.7
o que significa gamepad,0,32,0%,4.66
erro semântico significado,0,32,0%,5
heap dump,0,32,0%,6.91
o que causa interferência de sinal,0,32,0%,7.75
oque é clr,0,32,0%,7.81
o que é som dts,0,32,0%,7.88
bmp formato,0,32,0%,9.38
o que é ghz processador,0,32,0%,9.56
o que e clr,0,32,0%,10.56
chocolate hush,0,31,0%,2
o que é swapping,0,31,0%,2.13
paper.js,0,31,0%,4.35
arquivo ico,0,31,0%,5.94
gsap o que é,0,31,0%,6
char programação,0,31,0%,7.45
arquivo bmp o que significa,0,31,0%,8.84
ktor,0,31,0%,9.87
clr o que significa,0,31,0%,10.06
servidor stun,0,31,0%,22.32
binance o que é,0,30,0%,1
bmp o que significa,0,30,0%,4.17
views o que significa,0,30,0%,7.63
oque é gamepad,0,30,0%,7.77
dpsk,0,30,0%,7.87
o'que é undefined,0,30,0%,11.17
geologia em areas naturais,0,29,0%,3.69
o que é race condition,0,29,0%,7.93
mhz o que é,0,29,0%,8.93
o que é trackpad,0,29,0%,10
o que é arquivo bmp,0,29,0%,10.14
o que significa clr,0,29,0%,12.07
zoom óptico,0,29,0%,12.24
what is a data store,0,29,0%,92.86
o que é nafta,0,28,0%,5.68
avx o que é,0,28,0%,6.5
pa som significado,0,28,0%,8.18
o'que e gamepad,0,28,0%,8.54
o que é formato txt,0,28,0%,9.04
ruído vermelho,0,28,0%,9.54
o que significa views,0,28,0%,10.07
undefined que significa,0,28,0%,12.71
dispositivos de armazenamento,0,28,0%,67.07
anúncios ppc,0,28,0%,76.71
chocola,0,27,0%,1.15
o que é gcd,0,27,0%,2.67
home technology,0,27,0%,5.22
o que e cocoa,0,27,0%,7.26
o que é zoom óptico,0,27,0%,7.26
instantiate,0,27,0%,8.67
executable,0,27,0%,8.78
oque é txt,0,27,0%,8.96
o que significa cocoa,0,27,0%,9.63
o que é clr,0,27,0%,10.81
o que é um mouse,0,27,0%,11
sdds o que significa,0,26,0%,2.38
o que é run time error,0,26,0%,4.92
oq e um gamepad,0,26,0%,5.04
ismn,0,26,0%,7.08
oq é txt,0,26,0%,7.46
txt formato,0,26,0%,7.65
pc da ibm,0,26,0%,7.85
onda sismica,0,26,0%,8.92
o que é qled tv,0,26,0%,33.62
interface,0,26,0%,33.69
gmsk,0,25,0%,3.2
gigahertz,0,25,0%,3.96
wma o que é,0,25,0%,6.4
swaping,0,25,0%,9.4
sintese aditiva,0,25,0%,10.04
stdio.h para que serve,0,25,0%,10.08
oque e clr,0,25,0%,10.16
stdlib para que serve,0,25,0%,10.24
o que é interface do sistema,0,25,0%,10.36
o que undefined,0,25,0%,10.56
oq e undefined,0,25,0%,10.56
c shell,0,25,0%,12.56
dispositivo de armazenamento,0,25,0%,62.8
assert pra que serve,0,24,0%,1
problema de conexão com o banco de dados. undefined,0,24,0%,2.62
o que é monitor?,0,24,0%,7.29
stiffnes,0,24,0%,7.33
o que significa exec,0,24,0%,8.33
o que significa power supply,0,24,0%,8.79
o que e gamepad,0,24,0%,9.08
o que é button,0,24,0%,9.12
o q é gamepad,0,24,0%,9.25
oque significa undefined,0,24,0%,9.54
igrp,0,24,0%,9.67
oq é ghz,0,24,0%,10
o que significa mhz,0,24,0%,10.29
plaquetograma,0,24,0%,12.12
touchpad o que é,0,24,0%,12.21
innovation,0,24,0%,15.04
sistema de refrigeração,0,24,0%,60.67
dispositivo de armazenamento de dados,0,24,0%,79.46
rf,0,23,0%,1
superinteligente,0,23,0%,1.52
undefined tradução,0,23,0%,2.78
vhar,0,23,0%,5.91
síntese aditiva,0,23,0%,6.57
o que e bmp,0,23,0%,7.74
oque e gamepad,0,23,0%,9
o que significa pa som,0,23,0%,9.09
.bmp o que é,0,23,0%,9.17
ondas sismicas,0,23,0%,9.17
o que significa p.a som,0,23,0%,9.87
dts o que é,0,23,0%,10.48
formato wma,0,23,0%,10.74
mhz significado,0,23,0%,14.09
significado de hdd,0,23,0%,15.26
o que � hdd,0,23,0%,41.61
hdd drive,0,23,0%,50.83
dispositivos de armazenamento de dados,0,23,0%,77.22
som dts,0,22,0%,5
para que serve a nafta,0,22,0%,6.32
o que é sdds,0,22,0%,6.36
<stdlib.h>,0,22,0%,7.5
o que é analog,0,22,0%,8.05
wear leveling,0,22,0%,8.27
oque e txt,0,22,0%,8.68
o que é urn,0,22,0%,8.82
o que é void?,0,22,0%,9.23
processador multicore,0,22,0%,10.14
o que é avx2,0,22,0%,10.59
runtimeerror,0,22,0%,11.82
o'que significa undefined,0,22,0%,12.5
monitor,0,22,0%,14.82
power supply,0,22,0%,21.82
super inteligência,0,22,0%,55.5
analog,0,21,0%,2.95
oq é overflow,0,21,0%,3.48
o que significa sdds,0,21,0%,3.52
o que é wma,0,21,0%,5.95
o que é overflow?,0,21,0%,6.52
o que é pa na musica,0,21,0%,6.9
um botão é um elemento de interação que permite ao usuario,0,21,0%,7.24
mstest,0,21,0%,7.86
software proprietário exemplos,0,21,0%,8.33
o'que é ghz do processador,0,21,0%,8.81
o que é avx,0,21,0%,9.38
o'que gamepad,0,21,0%,9.76
o que e o q,0,21,0%,9.81
void o que significa,0,21,0%,10.95
o que e undefined,0,21,0%,11.48
barreira acústica,0,21,0%,44.05
o que significa hdd,0,21,0%,49.81
cad,0,20,0%,1
para que serve o assert,0,20,0%,1
avx2,0,20,0%,1.05
o'que é overflow,0,20,0%,4.1
escopo da função,0,20,0%,4.25
trackball o que é,0,20,0%,5.05
renderização blink,0,20,0%,5.3
ioexception,0,20,0%,6.6
o que é audio pcm,0,20,0%,6.65
dts hd master audio,0,20,0%,7.1
o que é stack overflow,0,20,0%,7.65
modulação psk,0,20,0%,7.7
o'que significa dts,0,20,0%,7.8
google chrome conceito,0,20,0%,8.45
stack overflow o que é,0,20,0%,8.8
wma formato,0,20,0%,9.25
ibm computador,0,20,0%,9.65
compressão com perdas,0,20,0%,10.15
ue4,0,20,0%,10.15
o que significa charger,0,20,0%,10.2
o que e ghz,0,20,0%,10.25
wavelength,0,20,0%,16.3
arquivo txt,0,20,0%,52.55
form submit,0,20,0%,75.35
pipelines o que é,0,20,0%,91
stdlib em c,0,19,0%,4.95
delei no sistema,0,19,0%,5.16
jogl,0,19,0%,5.42
delay do sistema,0,19,0%,5.84
o que significa cancelado em undefined,0,19,0%,6.42
audio dts,0,19,0%,6.68
o que é swapping em sistemas operacionais,0,19,0%,7.47
formato txt o que é,0,19,0%,8.16
o que é dpad,0,19,0%,8.21
formato ico,0,19,0%,8.42
stereo sound,0,19,0%,8.74
void programação,0,19,0%,9.11
o que é microsoft visual c++,0,19,0%,9.58
monitor definição,0,19,0%,9.79
oq e txt,0,19,0%,9.84
leveling wear,0,19,0%,10.32
ac power,0,19,0%,10.95
o que é rf,0,19,0%,12
efficiency,0,19,0%,14
kivy,0,19,0%,19.47
hash maps,0,19,0%,30.37
what is data store,0,19,0%,94.63
/char,0,18,0%,2.33
kaggle o que é,0,18,0%,2.72
o que significa jep,0,18,0%,3.5
input e output,0,18,0%,4.39
ibmpc,0,18,0%,6.39
áudio pcm,0,18,0%,6.67
pcm som,0,18,0%,6.89
delay sistema,0,18,0%,7.39
o que e um gamepad,0,18,0%,7.89
"o ibm pc, lançado em 1981, teve um impacto colossal no mercado de pcs por 
estabelecer um padrão de arquitetura e design. qual decisão estratégica da 
ibm permitiu que outras empresas criassem hardware e software compatíveis?",0,18,0%,7.94
over flow,0,18,0%,8.11
overflow o'que é,0,18,0%,8.94
conceito de mouse,0,18,0%,9.89
w3c validator,0,18,0%,18.67
hdd significa,0,18,0%,30.78
signal to noise ratio,0,18,0%,54.28
econtract management,0,18,0%,72.94
hdd computer,0,18,0%,80.11
src programação,0,17,0%,2.82
bluez,0,17,0%,6.53
o'que significa txt,0,17,0%,6.65
oq é charts,0,17,0%,7.41
race condition o que é,0,17,0%,7.47
o que e void,0,17,0%,7.71
ghz do processador,0,17,0%,7.76
o que é d pad,0,17,0%,7.88
definição de monitor,0,17,0%,8.18
definição de mouse,0,17,0%,8.53
concurrencies,0,17,0%,9.76
modelagem climática,0,17,0%,10.06
o que é barcodes,0,17,0%,11.12
o que é interface no celular,0,17,0%,11.29
o'que significa clr,0,17,0%,11.94
o que é value,0,17,0%,12.41
viws,0,17,0%,12.82
deca core,0,17,0%,14.88
web store,0,17,0%,35.88
o que é tv qled,0,17,0%,41.12
routing tables,0,17,0%,93.76
pra que serve assert,0,16,0%,1
oq significa sdds,0,16,0%,1.12
o que significa undefined,0,16,0%,3.62
gcd o que é,0,16,0%,4.56
j frame,0,16,0%,4.75
cpu cores,0,16,0%,5.5
escopo de função,0,16,0%,5.69
char o que é,0,16,0%,5.94
cshell,0,16,0%,6.06
amplificadores de potência,0,16,0%,7.25
dts hd,0,16,0%,7.81
gamepad o'que é,0,16,0%,7.94
significado de pa som,0,16,0%,8.38
o que são processadores com mais de um núcleo?,0,16,0%,8.5
o que é d-pad,0,16,0%,8.56
modulação em frequência,0,16,0%,8.81
programação procedural,0,16,0%,9.38
significado de undefined,0,16,0%,9.69
oque é void,0,16,0%,9.81
o que é ter um delay,0,16,0%,10.44
o que significa plaquetograma,0,16,0%,11.19
ibm computer,0,16,0%,11.38
o que caracteriza uma onda transversal,0,16,0%,11.5
huffman,0,16,0%,12.12
o que é a interface,0,16,0%,12.44
frequency,0,16,0%,33
pseudocódigo,0,16,0%,38.19
mesh,0,16,0%,82.25
= undefined,0,15,0%,1
char[,0,15,0%,4.2
database error,0,15,0%,4.67
o que é stun,0,15,0%,5.93
comutação de dados,0,15,0%,6.13
views o que é,0,15,0%,6.13
som pcm,0,15,0%,6.4
oq é bmp,0,15,0%,6.6
significado de dts,0,15,0%,6.87
oque e bmp,0,15,0%,7.27
o que é clock,0,15,0%,7.67
src html,0,15,0%,7.73
mouse definição,0,15,0%,8.73
oq é um gamepad,0,15,0%,8.8
formato aiff,0,15,0%,9
o que e o monitor,0,15,0%,9
o que é concatenação em programação,0,15,0%,9.2
o que é stack trace,0,15,0%,9.4
oque é ghz,0,15,0%,9.67
formato pcm,0,15,0%,9.87
tipos de interfaces,0,15,0%,10.13
semantic error,0,15,0%,10.67
void em programação,0,15,0%,10.73
spi,0,15,0%,11.13
arquivo de texto simples,0,15,0%,11.47
thymeleaf o que é,0,15,0%,11.47
que significa efficiency,0,15,0%,12.27
procedures,0,15,0%,13.6
race conditions,0,15,0%,27.8
fan speed significado,0,15,0%,30.27
arquivo pdf/e,0,15,0%,34.73
o que significa src programação,0,14,0%,2.36
protocolo stun,0,14,0%,3.43
oq é char,0,14,0%,5.93
char],0,14,0%,6.07
dts-hd,0,14,0%,6.71
o que é flip flop,0,14,0%,6.79
o'que é zoom optico,0,14,0%,7
modo desenvolvedor firefox,0,14,0%,7.29
o que significa ghz no processador,0,14,0%,8.07
zoom ótico,0,14,0%,8.21
definir assertion,0,14,0%,8.36
n-key rollover,0,14,0%,8.5
txt é qual formato,0,14,0%,8.5
storage device,0,14,0%,8.71
modulação ask,0,14,0%,8.86
o que é munitor,0,14,0%,8.93
throughput informatica,0,14,0%,9
dts o que significa,0,14,0%,9.14
runtime exception,0,14,0%,9.21
definir iteration,0,14,0%,9.29
delay de informação,0,14,0%,9.5
o que é void em programação,0,14,0%,9.57
o que é nafta petroquímica,0,14,0%,11
input devices,0,14,0%,22.64
o que é um bit,0,14,0%,30.36
sistemas de gps agrícola,0,14,0%,30.36
race condition,0,14,0%,32.64
hashmap,0,14,0%,77.79
data store,0,14,0%,91.29
banco undefined significado,0,13,0%,1
runtime,0,13,0%,1.85
resposta,0,13,0%,2
runtime accion,0,13,0%,2.08
fxml,0,13,0%,3.69
paper js,0,13,0%,4.31
o que é liabilities,0,13,0%,5.38
runtime error como resolver,0,13,0%,5.85
o que significa macos,0,13,0%,6.69
oque é bmp,0,13,0%,7.08
java jeps,0,13,0%,8
swapping sistema operacional,0,13,0%,8.46
oq e bmp,0,13,0%,8.54
hyper-threading o que é,0,13,0%,8.62
overflow significado,0,13,0%,8.69
o que é programação procedural,0,13,0%,10
o que e o google chrome,0,13,0%,10.08
o que significa pa no som,0,13,0%,10.08
mouse o que é,0,13,0%,10.38
layered architecture,0,13,0%,10.62
o mouse serve para quê,0,13,0%,10.62
o que é taxa de amostragem,0,13,0%,10.85
peripheral component interconnect,0,13,0%,11.23
que significa undefined,0,13,0%,11.85
o q significa undefined,0,13,0%,12.69
equal,0,13,0%,14.46
tomcat,0,13,0%,16.92
stack overflow,0,13,0%,17.15
i2c,0,13,0%,27.46
thymeleaf,0,13,0%,27.54
o que é bit,0,13,0%,29.15
interface significado,0,13,0%,45
superinteligencia,0,13,0%,46.92
oq e delei,0,12,0%,1
proantocianidina para que serve,0,12,0%,1
cocao,0,12,0%,2.17
super inteligente,0,12,0%,2.17
txt,0,12,0%,3.33
o que são e para que servem as system calls,0,12,0%,3.58
sistema input output,0,12,0%,3.92
hardware calling,0,12,0%,4.25
oque é overflow,0,12,0%,4.58
modelo iterativo software,0,12,0%,5.17
healthcare it,0,12,0%,5.58
overflow significado informática,0,12,0%,5.58
amplificadores de potencia,0,12,0%,5.83
power supply o que é,0,12,0%,6.25
arquivo pcm,0,12,0%,6.5
bmp,0,12,0%,7
jep java,0,12,0%,7.25
o que são ondas sismicas,0,12,0%,7.5
jscrollpane,0,12,0%,7.67
void significado programação,0,12,0%,8.17
oq significa txt,0,12,0%,8.33
conceito de monitor,0,12,0%,8.58
.wma,0,12,0%,8.67
o que é d pad no controle,0,12,0%,9.92
txt o'que é,0,12,0%,10.33
o que é google chrome,0,12,0%,10.83
o que é mercurial,0,12,0%,10.92
software proprietário,0,12,0%,12.25
transversal onda,0,12,0%,12.25
importância da bioquímica clínica,0,12,0%,12.42
oq é mhz,0,12,0%,12.42
priority queue,0,12,0%,17.92
swagger,0,12,0%,24.42
txt arquivo,0,12,0%,41.75
o que é arquivo de texto,0,12,0%,42.42
o que é qled,0,12,0%,43.58
interfaces significado,0,12,0%,46.25
interfaces pcie,0,12,0%,79.58
jse,0,11,0%,1
o que é a binance,0,11,0%,1
video 5x1,0,11,0%,1
gcd significado,0,11,0%,3.27
como usar o zoom optico,0,11,0%,4.27
protótipo digital,0,11,0%,4.27
javascript es5,0,11,0%,4.73
modelagem espacial,0,11,0%,4.73
o que é um char,0,11,0%,4.73
job scheduling,0,11,0%,5.73
decacore,0,11,0%,5.82
o que é ghz no processador,0,11,0%,5.91
knitr,0,11,0%,6.36
angels list,0,11,0%,7.09
korn shell,0,11,0%,7.09
super inteligencia,0,11,0%,7.36
c99.com,0,11,0%,7.55
monitor como funciona,0,11,0%,8.09
svn o que é,0,11,0%,8.18
oq e zoom optico,0,11,0%,8.36
stifiness,0,11,0%,8.36
o que é megahertz,0,11,0%,8.45
ibm-pc,0,11,0%,8.82
definir mouse,0,11,0%,9
megahertz o que é,0,11,0%,9.55
o que é zoom ótico,0,11,0%,10.09
clock o que é,0,11,0%,10.18
oque e ghz,0,11,0%,10.91
o'que é onda transversal,0,11,0%,11.09
o que significa raw,0,11,0%,11.18
o que é um arquivo bmp,0,11,0%,11.36
multi core,0,11,0%,11.45
significado de fan speed,0,11,0%,11.45
zoom otico,0,11,0%,12.18
integer,0,11,0%,14
mamp,0,11,0%,17.36
snr,0,11,0%,26.27
throughput,0,11,0%,48.64
inputs significado,0,11,0%,59
data stores,0,11,0%,81.91
assert serve para que,0,10,0%,1
"qual das seguintes afirmações sobre o eslint está correta? * eslint permite 
configurar regras de linting para verificar e melhorar a qualidade do 
código. eslint é usado para compilar código javascript para código nativo. 
eslint é exclusivamente usado para depurar código javascript em 
navegadores. ‘eslint automatiza a formatação do código seguindo um conjunto 
de regras predefinidas.",0,10,0%,1
formato.ico,0,10,0%,3.2
sistema call,0,10,0%,3.7
auro 3d,0,10,0%,3.8
significado de src,0,10,0%,4.2
e o q,0,10,0%,5.2
geologia ambiental,0,10,0%,6.3
tecnologia hyper-threading,0,10,0%,6.7
modeling a,0,10,0%,6.8
bwt significado,0,10,0%,6.9
pa significado som,0,10,0%,7.5
definir procedure,0,10,0%,7.9
o que são flip flops,0,10,0%,7.9
concurrent,0,10,0%,8.1
stiffiness,0,10,0%,8.1
integrated drive electronics,0,10,0%,8.2
merge o que significa,0,10,0%,8.7
modulação fsk,0,10,0%,8.7
o que e sdds,0,10,0%,9
para que serve a transformada de fourier,0,10,0%,9
sinal rf,0,10,0%,9.3
formato de audio dts,0,10,0%,9.4
o que views,0,10,0%,9.4
oq é sdds,0,10,0%,9.4
mhz o que significa,0,10,0%,10.1
o que é integer,0,10,0%,10.2
barcode significado,0,10,0%,10.6
ico,0,10,0%,10.8
o que e mhz,0,10,0%,10.8
o que é nafta de petroleo,0,10,0%,11.1
o'que é views,0,10,0%,11.4
o que e interface,0,10,0%,11.6
o que é srgb,0,10,0%,12.7
storage devices,0,10,0%,14.1
chrome o que é,0,10,0%,15.7
o que significa interface,0,10,0%,16.9
water supply,0,10,0%,20.8
throughput o que é,0,10,0%,22.4
formato text,0,10,0%,24.1
fileinputstream,0,10,0%,29.4
void em c,0,10,0%,29.7
httpclient,0,10,0%,43.7
interfaces,0,10,0%,53.2
threading o que é,0,10,0%,56.2
throughput que es,0,10,0%,82.9
.txt que es,0,10,0%,88.5
txt que es,0,10,0%,94.5
astar,0,9,0%,1
cobertura,0,9,0%,1
ansi,0,9,0%,1.78
partida direta,0,9,0%,2.22
problema de conexão com o banco de dados undefined conectividade,0,9,0%,3
analog audio,0,9,0%,3.67
unasigned,0,9,0%,4.89
deca core processador,0,9,0%,5
deley no sistema,0,9,0%,5.56
eco tecnologia,0,9,0%,5.89
o que são frequencias sonoras,0,9,0%,6.11
dts-hd master audio,0,9,0%,6.78
o'que significa fan speed,0,9,0%,6.89
como usar zoom optico,0,9,0%,7
gamepad significado,0,9,0%,7.44
o que é zoom otico,0,9,0%,8.22
sistema dts,0,9,0%,8.22
sobre mouse,0,9,0%,8.22
damping,0,9,0%,8.33
formato .txt,0,9,0%,8.33
unsigned em c,0,9,0%,8.44
google chrome significado,0,9,0%,8.56
moddeling,0,9,0%,8.56
q am,0,9,0%,8.89
o que é pa som,0,9,0%,9
o que significa pa em som,0,9,0%,9.33
ask amplitude,0,9,0%,9.44
modulação qpsk,0,9,0%,9.44
o que é plaquetograma no exame de sangue,0,9,0%,9.78
txt é o que,0,9,0%,9.89
c ansi,0,9,0%,10
microfones omnidirecionais,0,9,0%,10
integer o que é,0,9,0%,10.11
snr significado,0,9,0%,10.11
definição de interface,0,9,0%,10.22
o que é interface?,0,9,0%,10.22
o que é merge?,0,9,0%,10.22
concatenação programação,0,9,0%,10.33
o que é barcode,0,9,0%,10.56
dts audio,0,9,0%,10.67
extensao txt,0,9,0%,10.67
qml,0,9,0%,10.67
significado de mhz,0,9,0%,10.67
oq significa mhz,0,9,0%,11
common language runtime,0,9,0%,11.11
qual foi o impacto principal do ibm pc no mercado de computadores pessoais?,0,9,0%,11.33
onde transversal,0,9,0%,11.44
o'que é plaquetograma,0,9,0%,11.89
value o que significa,0,9,0%,12.22
o'que é txt,0,9,0%,12.44
ciencias planetarias,0,9,0%,16.44
imagem bmp,0,9,0%,19.33
splunk,0,9,0%,27.67
transformada de fourier,0,9,0%,30
trackball cos è,0,9,0%,59.56
.pdf significa,0,9,0%,79.89
efeitos de voz,0,8,0%,1
flux para que serve,0,8,0%,1
procianidinas para que serve,0,8,0%,1
merge significado informática,0,8,0%,2.12
cocoa chocolate,0,8,0%,2.25
google chrome,0,8,0%,2.75
protocolo fcp,0,8,0%,2.88
kokoa,0,8,0%,3.25
engine 4,0,8,0%,5.25
megaherts,0,8,0%,5.38
oq e ghz,0,8,0%,5.38
formato de áudio pcm,0,8,0%,5.5
ondas sísmicas,0,8,0%,5.75
mac os significado,0,8,0%,7.38
o que é p.a som,0,8,0%,8
n key,0,8,0%,8.12
o que é game pad,0,8,0%,8.5
o que é charger,0,8,0%,8.75
o que é java se,0,8,0%,8.88
ruido vermelho,0,8,0%,9.12
coccoa,0,8,0%,9.5
o que é concatenar em programação,0,8,0%,9.62
biblioteca stdio.h,0,8,0%,9.75
amplificador significado,0,8,0%,9.88
como funcionam as coordenadas geográficas,0,8,0%,9.88
o que é um monitor?,0,8,0%,9.88
visual c++ o que é,0,8,0%,9.88
o que e monitor,0,8,0%,10
o que é o microsoft visual c++,0,8,0%,10
extensão txt,0,8,0%,10.12
motion detector,0,8,0%,10.12
o que é dvi,0,8,0%,10.12
o que é visual c++,0,8,0%,10.12
oque e overflow,0,8,0%,10.12
a luz é uma onda transversal,0,8,0%,10.25
o que significa ibm em informática,0,8,0%,10.38
para que serve o microsoft visual c++,0,8,0%,10.5
server client,0,8,0%,10.5
computador ibm,0,8,0%,10.62
mozilla significado,0,8,0%,10.62
o'que é uma onda transversal,0,8,0%,10.62
external hard drive,0,8,0%,10.75
o que e touchpad,0,8,0%,10.88
o que é fans no pc,0,8,0%,11
o que é uma onda transversal,0,8,0%,11
chart o que é,0,8,0%,11.62
o que significa barcodes,0,8,0%,11.62
o que significa speed up,0,8,0%,11.62
pyqt,0,8,0%,11.62
otimização matemática,0,8,0%,12.38
.ico,0,8,0%,13
o que são instrumentos musicais,0,8,0%,15.38
o que é throughput,0,8,0%,20.12
ghz significado,0,8,0%,20.75
significado de txt,0,8,0%,22.75
webgl,0,8,0%,29.88
arquitetura hexagonal,0,8,0%,45.25
what is a runtime error,0,8,0%,66.25
protótipos,0,8,0%,84
tratamento de cabos harmônicos,0,8,0%,93
qué significa txt,0,8,0%,93.88
iterativo ou interativo,0,7,0%,1
mse significado,0,7,0%,1
para que serve dual,0,7,0%,1
proantocianidinas para que serve,0,7,0%,1
procianidinas benefícios,0,7,0%,1
viés algoritmo,0,7,0%,1
blink o que é,0,7,0%,1.14
adc e dac,0,7,0%,1.86
inputs e outputs o que é,0,7,0%,2.43
sistema analysis,0,7,0%,2.43
prototipo digital,0,7,0%,3
o'que é input e output,0,7,0%,3.57
arquivo bmp,0,7,0%,4
bit shift,0,7,0%,5.14
paperjs,0,7,0%,5.57
standard error,0,7,0%,5.71
o que são processadores com mais de um núcleo,0,7,0%,6
fm o que é,0,7,0%,7
visualcpp,0,7,0%,7.14
hd master,0,7,0%,7.43
o que é views,0,7,0%,7.43
o'que é microsoft visual c++,0,7,0%,7.43
multi-core,0,7,0%,7.57
integridade referencial,0,7,0%,8
o que e webgl,0,7,0%,8
o que é decibel,0,7,0%,8.14
pcb assembly,0,7,0%,8.14
definição de fonte de alimentação,0,7,0%,8.29
racing condition,0,7,0%,8.29
cocoa significado,0,7,0%,8.57
webgl o que é,0,7,0%,8.57
defina monitor,0,7,0%,9
funcao do mouse,0,7,0%,9.29
nafta,0,7,0%,9.43
o que é dts x,0,7,0%,9.43
o que e hipocentro,0,7,0%,9.71
o que significa arquivo txt,0,7,0%,9.71
testflight o que é,0,7,0%,9.71
computador ibm pc,0,7,0%,10
o'que é mhz,0,7,0%,10
distorção harmonica total,0,7,0%,10.86
microsoft visual c++ o que é,0,7,0%,10.86
damping significado,0,7,0%,11.14
apache tomcat para que serve,0,7,0%,11.29
qual a unidade de medida do som,0,7,0%,11.29
minimum spanning tree,0,7,0%,11.57
power supply tradução,0,7,0%,11.71
delay o que significa,0,7,0%,12.29
quais são as principais características do kivymd?,0,7,0%,12.57
blink html,0,7,0%,12.71
jpql,0,7,0%,12.71
fan speed control,0,7,0%,13.43
mixin,0,7,0%,13.86
o que são ondas transversais,0,7,0%,15.14
qam modulation,0,7,0%,17
haproxy,0,7,0%,22.29
volt unidade de medida,0,7,0%,23.14
java awt,0,7,0%,28.29
button,0,7,0%,28.71
trackpad o que é,0,7,0%,31.14
hexagonal architecture,0,7,0%,34.29
website store,0,7,0%,43
input/output,0,7,0%,44.14
runtime errors,0,7,0%,46.43
sum,0,7,0%,50.43
tech stack,0,7,0%,54.86
o que é frequencia,0,7,0%,57.71
raid o que é,0,7,0%,59.86
online store ecommerce,0,7,0%,68
persistent storage,0,7,0%,83.29
ecommerce store,0,7,0%,84
que es txt,0,7,0%,84.29
o char,0,6,0%,1
para que serve o chrome,0,6,0%,1
por que é importante formatar e indentar corretamente os dados json?,0,6,0%,1
probid,0,6,0%,1
sistema fm para que serve,0,6,0%,1
superintelligence,0,6,0%,1
atributo src,0,6,0%,1.67
erro semântico,0,6,0%,2
frequência musical,0,6,0%,2.33
modelos iterativos,0,6,0%,2.5
para que serve amplificador,0,6,0%,2.83
significado src,0,6,0%,3.17
como char,0,6,0%,3.5
executables,0,6,0%,3.5
chef pastry significado,0,6,0%,3.67
smooth streaming,0,6,0%,3.83
krita,0,6,0%,4.33
o que significa src,0,6,0%,4.33
sha,0,6,0%,4.5
windows media audio,0,6,0%,4.5
wear-leveling,0,6,0%,5
significado bmp,0,6,0%,5.17
para que serve nafta,0,6,0%,5.33
barcode o que é,0,6,0%,5.5
dynamic loading,0,6,0%,5.5
kendogrid,0,6,0%,5.5
ksh shell,0,6,0%,5.83
data retrieval,0,6,0%,6.17
deca-core,0,6,0%,6.17
code profiling,0,6,0%,6.33
systemcall,0,6,0%,6.33
estabilidade estrutural,0,6,0%,6.5
src source,0,6,0%,7
o que é power supply,0,6,0%,7.33
o que é um void,0,6,0%,7.33
o que é web store,0,6,0%,7.33
o'que significa ghz no processador,0,6,0%,7.33
mega herts,0,6,0%,7.5
oque significa txt,0,6,0%,7.83
qual é a importância das coordenadas geográficas,0,6,0%,8.17
iteration significado,0,6,0%,8.33
o que é pa no som,0,6,0%,8.33
o que é um chart,0,6,0%,8.33
como funciona um monitor,0,6,0%,8.5
comando exec linux,0,6,0%,8.67
oque e void,0,6,0%,8.67
o que é txt?,0,6,0%,8.83
o que é um game pad,0,6,0%,9
phonegap build,0,6,0%,9
liabilities o que é,0,6,0%,9.17
o que e arquivo txt,0,6,0%,9.17
o que significa google chrome,0,6,0%,9.33
o que é geologia ambiental,0,6,0%,9.33
filtros digitais,0,6,0%,9.5
defina fm,0,6,0%,9.67
o que é nafta quimica,0,6,0%,9.67
swapping memoria,0,6,0%,9.83
o que significa void,0,6,0%,10.33
svg significado,0,6,0%,10.33
fiber channel protocol,0,6,0%,10.5
o que significa void em c,0,6,0%,10.5
txt extensao de arquivo,0,6,0%,10.5
o que que significa clr,0,6,0%,10.67
o que é integridade referencial em banco de dados,0,6,0%,10.67
o que e um monitor,0,6,0%,11
o que e nafta petróleo,0,6,0%,11.17
o que é char em c,0,6,0%,11.17
o que é fish,0,6,0%,11.17
swagger o que é,0,6,0%,11.17
como funciona o sistema de refrigeração,0,6,0%,11.33
onda eletromagnética transversal,0,6,0%,11.33
client server,0,6,0%,11.5
defina ondas transversais,0,6,0%,11.5
o que é a nafta do petroleo,0,6,0%,11.5
para que serve microsoft visual c++,0,6,0%,11.5
touchpad significado,0,6,0%,11.5
oque e mhz,0,6,0%,11.67
o que é webgl,0,6,0%,12
peripheral component interconnect express,0,6,0%,12.17
feature phone,0,6,0%,14.83
subversion,0,6,0%,15.33
monitor o que é,0,6,0%,16.67
media stream,0,6,0%,18.5
sha 256,0,6,0%,20.67
graphics card,0,6,0%,21.83
polyfill,0,6,0%,23.33
tomcat o que é,0,6,0%,25.33
thread safe,0,6,0%,25.67
macos,0,6,0%,26.83
input management,0,6,0%,27.5
power supply significado,0,6,0%,30.5
routing table,0,6,0%,38.33
input significado,0,6,0%,50.17
iterative,0,6,0%,51
que significa urn,0,6,0%,53.17
lente intercambiável,0,6,0%,54.83
bioquímica clínica,0,6,0%,56.33
lentes intercambiáveis,0,6,0%,59.17
trackpad que es,0,6,0%,60.67
que significa ghz,0,6,0%,62.5
pipeline development,0,6,0%,65
concurrency,0,6,0%,82.17
que es .txt,0,6,0%,96.17
ansiless para que serve,0,5,0%,1
frequencia do som,0,5,0%,1
o q significa sdds,0,5,0%,1
o que significa deley,0,5,0%,1
o que é key,0,5,0%,1
ondas primarias,0,5,0%,1
oque é nafta,0,5,0%,1
overflow final,0,5,0%,1
pcm cd,0,5,0%,1
plataforma c99,0,5,0%,1
sli,0,5,0%,1
o que significa mse,0,5,0%,1.4
dac e adc,0,5,0%,1.6
fm,0,5,0%,1.6